Date;VIX
16/03/2011;45.97
17/03/2011;44.75
18/03/2011;42.3
21/03/2011;40.68
22/03/2011;40.36
23/03/2011;39.18
24/03/2011;40.59
25/03/2011;39.55
28/03/2011;39.99
29/03/2011;39.07
30/03/2011;38.1
31/03/2011;37.77
01/04/2011;37.09
04/04/2011;36.46
05/04/2011;36.48
06/04/2011;36.59
07/04/2011;36.11
08/04/2011;37.08
11/04/2011;40.23
12/04/2011;40.06
13/04/2011;39.51
14/04/2011;40.42
15/04/2011;41.56
18/04/2011;43.75
19/04/2011;40.56
20/04/2011;43.06
21/04/2011;47.16
22/04/2011;#N/A
25/04/2011;54.48
26/04/2011;50.87
27/04/2011;52.01
28/04/2011;52.99
29/04/2011;53.71
02/05/2011;60.46
03/05/2011;60.62
04/05/2011;59.4
05/05/2011;72.08
06/05/2011;66.5
09/05/2011;64.29
10/05/2011;58.53
11/05/2011;60.98
12/05/2011;64.32
13/05/2011;63.08
16/05/2011;65.99
17/05/2011;60.51
18/05/2011;54.65
19/05/2011;51.57
20/05/2011;49.89
23/05/2011;48.3
24/05/2011;47.67
25/05/2011;47.74
26/05/2011;48.34
27/05/2011;47.36
30/05/2011;#N/A
31/05/2011;48.42
01/06/2011;52.74
02/06/2011;52.11
03/06/2011;49.9
06/06/2011;50.85
07/06/2011;49.32
08/06/2011;48.23
09/06/2011;46.19
10/06/2011;46.85
13/06/2011;49.21
14/06/2011;46.15
15/06/2011;47.61
16/06/2011;46.84
17/06/2011;45.11
20/06/2011;43.51
21/06/2011;42.97
22/06/2011;41.67
23/06/2011;42.94
24/06/2011;42.83
27/06/2011;43.93
28/06/2011;42.15
29/06/2011;38.82
30/06/2011;37.45
01/07/2011;37.39
04/07/2011;#N/A
05/07/2011;38.1
06/07/2011;38.03
07/07/2011;36.63
08/07/2011;36.06
11/07/2011;38.43
12/07/2011;38.06
13/07/2011;40.59
14/07/2011;41.24
15/07/2011;40.83
18/07/2011;44.5
19/07/2011;42.83
20/07/2011;43.97
21/07/2011;43.92
22/07/2011;42.49
25/07/2011;43.96
26/07/2011;43.47
27/07/2011;44.38
28/07/2011;44.59
29/07/2011;44.48
01/08/2011;43.49
02/08/2011;43.87
03/08/2011;43.58
04/08/2011;50.92
05/08/2011;51.59
08/08/2011;57.86
09/08/2011;54.68
10/08/2011;54.62
11/08/2011;52.87
12/08/2011;48.46
15/08/2011;45.91
16/08/2011;45.69
17/08/2011;44.58
18/08/2011;46.88
19/08/2011;50.28
22/08/2011;53.18
23/08/2011;53.71
24/08/2011;54.93
25/08/2011;53.56
26/08/2011;49.95
29/08/2011;49.97
30/08/2011;50.33
31/08/2011;49.56
01/09/2011;47.32
02/09/2011;47.88
05/09/2011;#N/A
06/09/2011;50.11
07/09/2011;49.18
08/09/2011;48.45
09/09/2011;50.13
12/09/2011;52.19
13/09/2011;48.32
14/09/2011;46.69
15/09/2011;45.35
16/09/2011;44.14
19/09/2011;45.46
20/09/2011;45.45
21/09/2011;45.25
22/09/2011;55.72
23/09/2011;75.87
26/09/2011;79.46
27/09/2011;73.93
28/09/2011;80.64
29/09/2011;76.65
30/09/2011;76.39
03/10/2011;76.21
04/10/2011;78.03
05/10/2011;73.31
06/10/2011;69.83
07/10/2011;67.96
10/10/2011;64.96
11/10/2011;62.8
12/10/2011;59.35
13/10/2011;59.34
14/10/2011;55.14
17/10/2011;59.12
18/10/2011;58.44
19/10/2011;61.96
20/10/2011;66.27
21/10/2011;62.89
24/10/2011;59.92
25/10/2011;59.04
26/10/2011;59.38
27/10/2011;57.33
28/10/2011;55.12
31/10/2011;57.43
01/11/2011;62.23
02/11/2011;58.83
03/11/2011;55.41
04/11/2011;54.11
07/11/2011;54.27
08/11/2011;53.49
09/11/2011;57.43
10/11/2011;55.34
11/11/2011;51.79
14/11/2011;51.42
15/11/2011;51.08
16/11/2011;52.04
17/11/2011;55.95
18/11/2011;53.09
21/11/2011;53.23
22/11/2011;50.07
23/11/2011;52.27
24/11/2011;#N/A
25/11/2011;57.55
28/11/2011;51.55
29/11/2011;49.77
30/11/2011;47.6
01/12/2011;47.76
02/12/2011;46.49
05/12/2011;47.78
06/12/2011;47.39
07/12/2011;44.63
08/12/2011;48.07
09/12/2011;44.2
12/12/2011;43.97
13/12/2011;45.39
14/12/2011;52.11
15/12/2011;50.21
16/12/2011;47.02
19/12/2011;46.51
20/12/2011;43.05
21/12/2011;41.71
22/12/2011;42.18
23/12/2011;41.61
26/12/2011;#N/A
27/12/2011;43.25
28/12/2011;48.07
29/12/2011;45.69
30/12/2011;45.16
02/01/2012;#N/A
03/01/2012;44.32
04/01/2012;44.58
05/01/2012;44.52
06/01/2012;43.68
09/01/2012;44.47
10/01/2012;42.93
11/01/2012;43.51
12/01/2012;42.83
13/01/2012;43.48
16/01/2012;#N/A
17/01/2012;44.5
18/01/2012;42.64
19/01/2012;41.04
20/01/2012;40.53
23/01/2012;41.57
24/01/2012;40.74
25/01/2012;42.97
26/01/2012;43.17
27/01/2012;42.06
30/01/2012;42.92
31/01/2012;42.47
01/02/2012;41.75
02/02/2012;42.98
03/02/2012;40.28
06/02/2012;41.22
07/02/2012;41.15
08/02/2012;39.77
09/02/2012;38
10/02/2012;37.79
13/02/2012;36.12
14/02/2012;37.12
15/02/2012;36.48
16/02/2012;36.39
17/02/2012;34.8
20/02/2012;#N/A
21/02/2012;36.18
22/02/2012;36.28
23/02/2012;35.95
24/02/2012;35.11
27/02/2012;36.73
28/02/2012;37.79
29/02/2012;41.4
01/03/2012;39.73
02/03/2012;38.95
05/03/2012;40.16
06/03/2012;41.43
07/03/2012;39.79
08/03/2012;39.19
09/03/2012;37.41
12/03/2012;37.52
13/03/2012;35.76
14/03/2012;38.64
15/03/2012;34.62
16/03/2012;34.62
19/03/2012;32.52
20/03/2012;35.6
21/03/2012;35.28
22/03/2012;36.53
23/03/2012;34.17
26/03/2012;34.01
27/03/2012;33.4
28/03/2012;33.2
29/03/2012;33.58
30/03/2012;32.26
02/04/2012;33.01
03/04/2012;32.48
04/04/2012;35.61
05/04/2012;34.09
06/04/2012;#N/A
09/04/2012;36.19
10/04/2012;36.19
11/04/2012;35.4
12/04/2012;33.63
13/04/2012;35.93
16/04/2012;36.8
17/04/2012;34.33
18/04/2012;32.71
19/04/2012;32.45
20/04/2012;31.29
23/04/2012;33.73
24/04/2012;32.65
25/04/2012;33.74
26/04/2012;30.87
27/04/2012;30.13
30/04/2012;30.45
01/05/2012;30.01
02/05/2012;30.34
03/05/2012;32.25
04/05/2012;32.06
07/05/2012;33.28
08/05/2012;34.27
09/05/2012;34.83
10/05/2012;31.98
11/05/2012;33.44
14/05/2012;35.03
15/05/2012;36.87
16/05/2012;40.79
17/05/2012;40.94
18/05/2012;40.77
21/05/2012;38.66
22/05/2012;36.09
23/05/2012;37.77
24/05/2012;38.1
25/05/2012;37.14
28/05/2012;#N/A
29/05/2012;39
30/05/2012;40.11
31/05/2012;39.17
01/06/2012;40.06
04/06/2012;40.24
05/06/2012;38.67
06/06/2012;37.25
07/06/2012;36.93
08/06/2012;36.51
11/06/2012;34.85
12/06/2012;34.59
13/06/2012;35.97
14/06/2012;37.37
15/06/2012;37.57
18/06/2012;34.57
19/06/2012;34.08
20/06/2012;33.21
21/06/2012;37.74
22/06/2012;35.84
25/06/2012;36.17
26/06/2012;35.21
27/06/2012;35.24
28/06/2012;37.73
29/06/2012;35.08
02/07/2012;34
03/07/2012;33.66
04/07/2012;#N/A
05/07/2012;33.59
06/07/2012;35.06
09/07/2012;34.77
10/07/2012;36.95
11/07/2012;34.82
12/07/2012;35.62
13/07/2012;34.25
16/07/2012;34.46
17/07/2012;33.75
18/07/2012;32.09
19/07/2012;31.21
20/07/2012;31.61
23/07/2012;33.48
24/07/2012;34.47
25/07/2012;33.7
26/07/2012;32.92
27/07/2012;32.27
30/07/2012;33.34
31/07/2012;33.05
01/08/2012;32.55
02/08/2012;30.9
03/08/2012;29.76
06/08/2012;29.78
07/08/2012;29.47
08/08/2012;29.3
09/08/2012;27.45
10/08/2012;27.15
13/08/2012;25.5
14/08/2012;26.01
15/08/2012;25.77
16/08/2012;27.44
17/08/2012;26.28
20/08/2012;28.04
21/08/2012;27.42
22/08/2012;28.63
23/08/2012;31.54
24/08/2012;31.11
27/08/2012;32.25
28/08/2012;32.35
29/08/2012;31.97
30/08/2012;32.16
31/08/2012;33.22
03/09/2012;#N/A
04/09/2012;36.8
05/09/2012;35.12
06/09/2012;34.68
07/09/2012;35.4
10/09/2012;36.14
11/09/2012;36.12
12/09/2012;38.13
13/09/2012;35.73
14/09/2012;33.91
17/09/2012;34.88
18/09/2012;34.35
19/09/2012;33.76
20/09/2012;33.39
21/09/2012;34.06
24/09/2012;34.66
25/09/2012;33.03
26/09/2012;32.04
27/09/2012;31.41
28/09/2012;31.41
01/10/2012;31.27
02/10/2012;31.18
03/10/2012;30.57
04/10/2012;30.2
05/10/2012;29.28
08/10/2012;30.19
09/10/2012;30.08
10/10/2012;29.82
11/10/2012;28.97
12/10/2012;28.48
15/10/2012;28.82
16/10/2012;28.15
17/10/2012;27.26
18/10/2012;27.55
19/10/2012;29.16
22/10/2012;29.25
23/10/2012;30.63
24/10/2012;30.17
25/10/2012;27.94
26/10/2012;27.54
29/10/2012;#N/A
30/10/2012;#N/A
31/10/2012;27.25
01/11/2012;26.91
02/11/2012;29.69
05/11/2012;30.14
06/11/2012;30.55
07/11/2012;27.94
08/11/2012;28.69
09/11/2012;27.91
12/11/2012;27.62
13/11/2012;27.11
14/11/2012;26.58
15/11/2012;25.72
16/11/2012;25.43
19/11/2012;23.87
20/11/2012;22.76
21/11/2012;23.33
22/11/2012;#N/A
23/11/2012;23.33
26/11/2012;24.68
27/11/2012;24.9
28/11/2012;25.04
29/11/2012;25.13
30/11/2012;25.94
03/12/2012;26.64
04/12/2012;26.35
05/12/2012;25.92
06/12/2012;25.51
07/12/2012;24.53
10/12/2012;25.71
11/12/2012;26.14
12/12/2012;24.72
13/12/2012;26.54
14/12/2012;25.72
17/12/2012;24.53
18/12/2012;25.43
19/12/2012;25.75
20/12/2012;27.28
21/12/2012;27.32
24/12/2012;21.25
25/12/2012;#N/A
26/12/2012;27.75
27/12/2012;27.99
28/12/2012;27.65
31/12/2012;28.08
01/01/2013;#N/A
02/01/2013;26.29
03/01/2013;26.53
04/01/2013;26.61
07/01/2013;27.17
08/01/2013;26.59
09/01/2013;25.84
10/01/2013;25.78
11/01/2013;25.64
14/01/2013;26.59
15/01/2013;26.69
16/01/2013;27.24
17/01/2013;27.08
18/01/2013;25.38
21/01/2013;#N/A
22/01/2013;24.06
23/01/2013;23.13
24/01/2013;22.72
25/01/2013;24.01
28/01/2013;25.17
29/01/2013;23.57
30/01/2013;24.28
31/01/2013;24.83
01/02/2013;23.36
04/02/2013;24.4
05/02/2013;24.41
06/02/2013;24.17
07/02/2013;24.74
08/02/2013;23.61
11/02/2013;25.28
12/02/2013;25.1
13/02/2013;24.79
14/02/2013;25.32
15/02/2013;25.33
18/02/2013;#N/A
19/02/2013;26.67
20/02/2013;29.22
21/02/2013;28.41
22/02/2013;28.95
25/02/2013;29.72
26/02/2013;26.4
27/02/2013;26.73
28/02/2013;26.51
01/03/2013;26.7
04/03/2013;27.2
05/03/2013;26.41
06/03/2013;25.12
07/03/2013;24.76
08/03/2013;23.22
11/03/2013;22.57
12/03/2013;21.64
13/03/2013;21.93
14/03/2013;22.22
15/03/2013;21.68
18/03/2013;22.51
19/03/2013;24.35
20/03/2013;22.68
21/03/2013;22.95
22/03/2013;22.93
25/03/2013;22.25
26/03/2013;21.38
27/03/2013;20.9
28/03/2013;20.86
29/03/2013;#N/A
01/04/2013;23.15
02/04/2013;24.16
03/04/2013;25.62
04/04/2013;26.01
05/04/2013;24.43
08/04/2013;23.59
09/04/2013;23.25
10/04/2013;24.67
11/04/2013;23.99
12/04/2013;31.18
15/04/2013;54.92
16/04/2013;43.77
17/04/2013;39.35
18/04/2013;38.38
19/04/2013;37.35
22/04/2013;36.04
23/04/2013;38.1
24/04/2013;34.67
25/04/2013;33.64
26/04/2013;36.4
29/04/2013;35.48
30/04/2013;34.29
01/05/2013;36.62
02/05/2013;33.73
03/05/2013;32.09
06/05/2013;31.35
07/05/2013;32.67
08/05/2013;32.05
09/05/2013;32.18
10/05/2013;32.48
13/05/2013;33.59
14/05/2013;34.91
15/05/2013;41.88
16/05/2013;38.33
17/05/2013;38.88
20/05/2013;40.69
21/05/2013;42.21
22/05/2013;44.04
23/05/2013;41.11
24/05/2013;39.23
27/05/2013;#N/A
28/05/2013;38.59
29/05/2013;36.27
30/05/2013;35.02
31/05/2013;36.02
03/06/2013;35.59
04/06/2013;35.17
05/06/2013;35.34
06/06/2013;35.19
07/06/2013;41.16
10/06/2013;36.49
11/06/2013;38.29
12/06/2013;36.82
13/06/2013;36.8
14/06/2013;34.85
17/06/2013;35.57
18/06/2013;36.8
19/06/2013;36.27
20/06/2013;47.77
21/06/2013;43.04
24/06/2013;43.05
25/06/2013;40.29
26/06/2013;45.7
27/06/2013;47.87
28/06/2013;46.26
01/07/2013;42.75
02/07/2013;40.82
03/07/2013;40.71
04/07/2013;#N/A
05/07/2013;43.2
08/07/2013;41.69
09/07/2013;39.59
10/07/2013;38.69
11/07/2013;35.89
12/07/2013;34.79
15/07/2013;34.85
16/07/2013;34.27
17/07/2013;36.22
18/07/2013;34.74
19/07/2013;33.94
22/07/2013;34.78
23/07/2013;33.92
24/07/2013;34.16
25/07/2013;33.57
26/07/2013;33.69
29/07/2013;34.55
30/07/2013;34.98
31/07/2013;36.13
01/08/2013;35.63
02/08/2013;33.45
05/08/2013;32.83
06/08/2013;33.49
07/08/2013;32.9
08/08/2013;32.17
09/08/2013;33.29
12/08/2013;34.19
13/08/2013;33.55
14/08/2013;33.82
15/08/2013;39.62
16/08/2013;38.95
19/08/2013;38.14
20/08/2013;37.99
21/08/2013;37.91
22/08/2013;36.58
23/08/2013;38.77
26/08/2013;40.06
27/08/2013;40.93
28/08/2013;41.16
29/08/2013;40.32
30/08/2013;40.87
02/09/2013;#N/A
03/09/2013;42.23
04/09/2013;41.95
05/09/2013;41.81
06/09/2013;39.78
09/09/2013;38.24
10/09/2013;38.77
11/09/2013;37.11
12/09/2013;40.73
13/09/2013;40.78
16/09/2013;40.78
17/09/2013;40.97
18/09/2013;41.13
19/09/2013;37.57
20/09/2013;38.14
23/09/2013;38.95
24/09/2013;37.96
25/09/2013;37.09
26/09/2013;36.21
27/09/2013;36.39
30/09/2013;38.03
01/10/2013;38.96
02/10/2013;37.64
03/10/2013;37.73
04/10/2013;36.98
07/10/2013;38.29
08/10/2013;38.1
09/10/2013;38.47
10/10/2013;37.52
11/10/2013;37.97
14/10/2013;38.31
15/10/2013;38.09
16/10/2013;36.62
17/10/2013;35.71
18/10/2013;34.96
21/10/2013;35.01
22/10/2013;34.59
23/10/2013;33.66
24/10/2013;33.19
25/10/2013;32.66
28/10/2013;32.71
29/10/2013;32.07
30/10/2013;31.32
31/10/2013;31.93
01/11/2013;31.22
04/11/2013;30.94
05/11/2013;30.43
06/11/2013;30.23
07/11/2013;30.44
08/11/2013;30.23
11/11/2013;30.47
12/11/2013;33.46
13/11/2013;33.74
14/11/2013;32.92
15/11/2013;30.02
18/11/2013;31.42
19/11/2013;31.02
20/11/2013;34.17
21/11/2013;32.25
22/11/2013;30.27
25/11/2013;30.04
26/11/2013;29.48
27/11/2013;30.26
28/11/2013;#N/A
29/11/2013;30.14
02/12/2013;34.88
03/12/2013;34.34
04/12/2013;33.31
05/12/2013;34.25
06/12/2013;32.31
09/12/2013;31.91
10/12/2013;32.43
11/12/2013;31.91
12/12/2013;33.5
13/12/2013;33
16/12/2013;35.41
17/12/2013;34.61
18/12/2013;32.54
19/12/2013;33.51
20/12/2013;32.88
23/12/2013;31.5
24/12/2013;30.89
25/12/2013;#N/A
26/12/2013;30.63
27/12/2013;30.39
30/12/2013;31.94
31/12/2013;33.87
01/01/2014;#N/A
02/01/2014;31.88
03/01/2014;31.07
06/01/2014;31.28
07/01/2014;31.48
08/01/2014;31.73
09/01/2014;30.51
10/01/2014;29.09
13/01/2014;29.6
14/01/2014;29.05
15/01/2014;28.88
16/01/2014;28.93
17/01/2014;27.87
20/01/2014;#N/A
21/01/2014;29.19
22/01/2014;28.96
23/01/2014;30.13
24/01/2014;31.79
27/01/2014;31.98
28/01/2014;31.37
29/01/2014;30.72
30/01/2014;31.02
31/01/2014;31.26
03/02/2014;31.27
04/02/2014;29.7
05/02/2014;30.21
06/02/2014;30.28
07/02/2014;26.86
10/02/2014;28.25
11/02/2014;29.13
12/02/2014;28.49
13/02/2014;29.29
14/02/2014;31.07
17/02/2014;#N/A
18/02/2014;31.56
19/02/2014;31.57
20/02/2014;31.08
21/02/2014;32.03
24/02/2014;30.72
25/02/2014;29.76
26/02/2014;30.83
27/02/2014;28.84
28/02/2014;27.91
03/03/2014;29.54
04/03/2014;28.18
05/03/2014;28.19
06/03/2014;28.65
07/03/2014;27.94
10/03/2014;28.16
11/03/2014;28.79
12/03/2014;29.59
13/03/2014;29.62
14/03/2014;30.98
17/03/2014;30.84
18/03/2014;31.33
19/03/2014;29.73
20/03/2014;28.63
21/03/2014;28.19
24/03/2014;29.06
25/03/2014;28.6
26/03/2014;28.73
27/03/2014;28.67
28/03/2014;27.23
31/03/2014;27.09
01/04/2014;25.65
02/04/2014;25.31
03/04/2014;24.74
04/04/2014;25
07/04/2014;25.31
08/04/2014;25.41
09/04/2014;24.91
10/04/2014;25.52
11/04/2014;25.83
14/04/2014;26.08
15/04/2014;27.43
16/04/2014;26.28
17/04/2014;25.34
18/04/2014;#N/A
21/04/2014;25.9
22/04/2014;26.73
23/04/2014;25.04
24/04/2014;24.99
25/04/2014;24.27
28/04/2014;24.6
29/04/2014;24.24
30/04/2014;26.16
01/05/2014;26.78
02/05/2014;26.43
05/05/2014;26.3
06/05/2014;25.52
07/05/2014;26.23
08/05/2014;25.54
09/05/2014;25.75
12/05/2014;25.57
13/05/2014;23.8
14/05/2014;25.15
15/05/2014;24.37
16/05/2014;23.7
19/05/2014;23.74
20/05/2014;23.02
21/05/2014;23.47
22/05/2014;23.25
23/05/2014;22.74
26/05/2014;#N/A
27/05/2014;24.21
28/05/2014;23.37
29/05/2014;22.82
30/05/2014;23.69
02/06/2014;23.19
03/06/2014;22.61
04/06/2014;21.86
05/06/2014;21.86
06/06/2014;20.23
09/06/2014;19.32
10/06/2014;18.33
11/06/2014;18.47
12/06/2014;19.08
13/06/2014;19.18
16/06/2014;19.6
17/06/2014;19.65
18/06/2014;19.85
19/06/2014;24.64
20/06/2014;22.23
23/06/2014;21.9
24/06/2014;22.27
25/06/2014;22.39
26/06/2014;22.1
27/06/2014;21.78
30/06/2014;23.33
01/07/2014;22.48
02/07/2014;22.49
03/07/2014;21.75
04/07/2014;#N/A
07/07/2014;21.73
08/07/2014;21.99
09/07/2014;22.06
10/07/2014;21.95
11/07/2014;21.6
14/07/2014;22.54
15/07/2014;22.17
16/07/2014;22.2
17/07/2014;23.58
18/07/2014;21.67
21/07/2014;21.84
22/07/2014;21.56
23/07/2014;21.11
24/07/2014;22.45
25/07/2014;22.55
28/07/2014;22.44
29/07/2014;22.85
30/07/2014;22.43
31/07/2014;21.85
01/08/2014;20.64
04/08/2014;20.37
05/08/2014;21.41
06/08/2014;21.19
07/08/2014;20.77
08/08/2014;20.74
11/08/2014;20.67
12/08/2014;20.43
13/08/2014;20.17
14/08/2014;18.64
15/08/2014;19.82
18/08/2014;19.61
19/08/2014;19.43
20/08/2014;19.34
21/08/2014;19.66
22/08/2014;19.68
25/08/2014;20.36
26/08/2014;19.83
27/08/2014;19.33
28/08/2014;20
29/08/2014;19.59
01/09/2014;#N/A
02/09/2014;20.36
03/09/2014;19.62
04/09/2014;20.12
05/09/2014;19.14
08/09/2014;20.29
09/09/2014;19.79
10/09/2014;20.8
11/09/2014;22.56
12/09/2014;22.89
15/09/2014;21.98
16/09/2014;21.02
17/09/2014;20.93
18/09/2014;20.68
19/09/2014;26.64
22/09/2014;27.91
23/09/2014;27.58
24/09/2014;29.38
25/09/2014;33.37
26/09/2014;31.39
29/09/2014;30.41
30/09/2014;36.99
01/10/2014;35.34
02/10/2014;34.42
03/10/2014;31.21
06/10/2014;29.5
07/10/2014;29.84
08/10/2014;29.61
09/10/2014;30.94
10/10/2014;30.79
13/10/2014;31.49
14/10/2014;29.36
15/10/2014;32.79
16/10/2014;32.14
17/10/2014;31.07
20/10/2014;29.02
21/10/2014;26.19
22/10/2014;27.6
23/10/2014;27.29
24/10/2014;27.2
27/10/2014;27.7
28/10/2014;28.47
29/10/2014;29.13
30/10/2014;33.96
31/10/2014;38.4
03/11/2014;37.27
04/11/2014;36.28
05/11/2014;41
06/11/2014;39.23
07/11/2014;35.91
10/11/2014;33.55
11/11/2014;35.05
12/11/2014;34.67
13/11/2014;32.02
14/11/2014;36.32
17/11/2014;37.14
18/11/2014;36.09
19/11/2014;37.84
20/11/2014;33.86
21/11/2014;32.41
24/11/2014;31.33
25/11/2014;30.86
26/11/2014;31.2
27/11/2014;#N/A
28/11/2014;38.41
01/12/2014;40.68
02/12/2014;36.82
03/12/2014;35.15
04/12/2014;34.93
05/12/2014;33.34
08/12/2014;33.65
09/12/2014;32.69
10/12/2014;33.57
11/12/2014;33.35
12/12/2014;33.92
15/12/2014;35.87
16/12/2014;39.84
17/12/2014;39.3
18/12/2014;34.88
19/12/2014;33.61
22/12/2014;34.74
23/12/2014;33.28
24/12/2014;32.98
25/12/2014;#N/A
26/12/2014;32.17
29/12/2014;35.23
30/12/2014;32.43
31/12/2014;36.65
01/01/2015;#N/A
02/01/2015;35.19
05/01/2015;35.12
06/01/2015;33.95
07/01/2015;32.9
08/01/2015;32.13
09/01/2015;30.76
12/01/2015;30.36
13/01/2015;31.72
14/01/2015;33.45
15/01/2015;35.71
16/01/2015;38.07
19/01/2015;#N/A
20/01/2015;37.74
21/01/2015;37.14
22/01/2015;34.45
23/01/2015;33.8
26/01/2015;33.58
27/01/2015;33.72
28/01/2015;32.91
29/01/2015;36.28
30/01/2015;34.86
02/02/2015;34.69
03/02/2015;33.89
04/02/2015;33.24
05/02/2015;33.71
06/02/2015;34.34
09/02/2015;33.89
10/02/2015;33.74
11/02/2015;33.58
12/02/2015;32.33
13/02/2015;31.81
16/02/2015;#N/A
17/02/2015;35.83
18/02/2015;35.23
19/02/2015;33.72
20/02/2015;35.04
23/02/2015;34.22
24/02/2015;33.38
25/02/2015;31.82
26/02/2015;31.26
27/02/2015;30.52
02/03/2015;31.55
03/03/2015;31.35
04/03/2015;30.6
05/03/2015;30.67
06/03/2015;31.14
09/03/2015;31.53
10/03/2015;31.11
11/03/2015;33.07
12/03/2015;32.52
13/03/2015;31.72
16/03/2015;31.63
17/03/2015;32.18
18/03/2015;31.56
19/03/2015;28.16
20/03/2015;29.27
23/03/2015;29.64
24/03/2015;29.41
25/03/2015;28.3
26/03/2015;28.75
27/03/2015;28.76
30/03/2015;29.02
31/03/2015;28.69
01/04/2015;28.62
02/04/2015;27.97
03/04/2015;#N/A
06/04/2015;27.85
07/04/2015;27.19
08/04/2015;27.78
09/04/2015;28.9
10/04/2015;28.12
13/04/2015;27.68
14/04/2015;27.25
15/04/2015;26.48
16/04/2015;26.83
17/04/2015;26.75
20/04/2015;27.73
21/04/2015;27.36
22/04/2015;27.66
23/04/2015;27.97
24/04/2015;29.09
27/04/2015;28.2
28/04/2015;27.41
29/04/2015;27.45
30/04/2015;27.39
01/05/2015;27.77
04/05/2015;28.19
05/05/2015;28.66
06/05/2015;28.33
07/05/2015;28.76
08/05/2015;26.7
11/05/2015;26.1
12/05/2015;26.61
13/05/2015;25.94
14/05/2015;26.52
15/05/2015;25.99
18/05/2015;26.47
19/05/2015;27.7
20/05/2015;26.82
21/05/2015;26.07
22/05/2015;25.35
25/05/2015;#N/A
26/05/2015;26.99
27/05/2015;26.31
28/05/2015;26.41
29/05/2015;24.7
01/06/2015;27.25
02/06/2015;26.3
03/06/2015;26.63
04/06/2015;27.92
05/06/2015;26.98
08/06/2015;27.67
09/06/2015;26.53
10/06/2015;26.62
11/06/2015;26.15
12/06/2015;25.92
15/06/2015;26.48
16/06/2015;26.14
17/06/2015;25.1
18/06/2015;24.76
19/06/2015;24.99
22/06/2015;24.33
23/06/2015;24.8
24/06/2015;24.91
25/06/2015;23.49
26/06/2015;22.87
29/06/2015;24.38
30/06/2015;25.08
01/07/2015;24.64
02/07/2015;24.14
03/07/2015;#N/A
06/07/2015;25
07/07/2015;30.08
08/07/2015;30.46
09/07/2015;29.49
10/07/2015;27.81
13/07/2015;26.76
14/07/2015;27.34
15/07/2015;28.92
16/07/2015;29.1
17/07/2015;29.66
20/07/2015;32.72
21/07/2015;29.87
22/07/2015;30.23
23/07/2015;29.9
24/07/2015;31.57
27/07/2015;31.9
28/07/2015;29.88
29/07/2015;27.81
30/07/2015;27.74
31/07/2015;27.1
03/08/2015;27.25
04/08/2015;27.52
05/08/2015;28.26
06/08/2015;29.08
07/08/2015;27.73
10/08/2015;27.53
11/08/2015;28.21
12/08/2015;28.16
13/08/2015;28.4
14/08/2015;28.16
17/08/2015;27.37
18/08/2015;28.9
19/08/2015;28.06
20/08/2015;29.21
21/08/2015;31.17
24/08/2015;35.68
25/08/2015;35.9
26/08/2015;37.72
27/08/2015;33.59
28/08/2015;33.7
31/08/2015;33.07
01/09/2015;33.82
02/09/2015;34.02
03/09/2015;33.25
04/09/2015;33.61
07/09/2015;#N/A
08/09/2015;33.37
09/09/2015;33.29
10/09/2015;32.24
11/09/2015;32.66
14/09/2015;33.1
15/09/2015;32.55
16/09/2015;32.7
17/09/2015;31.47
18/09/2015;29.85
21/09/2015;28.72
22/09/2015;30.24
23/09/2015;29.37
24/09/2015;29.6
25/09/2015;28.75
28/09/2015;30.59
29/09/2015;30.5
30/09/2015;30.08
01/10/2015;29.76
02/10/2015;29.68
05/10/2015;30.59
06/10/2015;31.06
07/10/2015;30.22
08/10/2015;30.01
09/10/2015;29.46
12/10/2015;29.81
13/10/2015;29.14
14/10/2015;29.73
15/10/2015;28.01
16/10/2015;27.02
19/10/2015;27.42
20/10/2015;26.57
21/10/2015;26.93
22/10/2015;26.76
23/10/2015;26.52
26/10/2015;27.13
27/10/2015;26.9
28/10/2015;26.6
29/10/2015;26.53
30/10/2015;25.65
02/11/2015;26.19
03/11/2015;25.76
04/11/2015;26.31
05/11/2015;26.84
06/11/2015;26.77
09/11/2015;28.13
10/11/2015;28.86
11/11/2015;29.63
12/11/2015;30.06
13/11/2015;29.65
16/11/2015;28.81
17/11/2015;30.91
18/11/2015;30.38
19/11/2015;29.82
20/11/2015;28.86
23/11/2015;29.29
24/11/2015;28.74
25/11/2015;29.28
26/11/2015;#N/A
27/11/2015;29.46
30/11/2015;28.95
01/12/2015;28.35
02/12/2015;28.46
03/12/2015;28.82
04/12/2015;27.31
07/12/2015;28.44
08/12/2015;28.22
09/12/2015;28.07
10/12/2015;28.4
11/12/2015;30.38
14/12/2015;30.01
15/12/2015;29.69
16/12/2015;27.78
17/12/2015;28.15
18/12/2015;26.65
21/12/2015;24.87
22/12/2015;23.58
23/12/2015;22.9
24/12/2015;23.19
25/12/2015;#N/A
28/12/2015;25.59
29/12/2015;25.44
30/12/2015;25.04
31/12/2015;23.62
01/01/2016;#N/A
04/01/2016;25.14
05/01/2016;24.6
06/01/2016;25.21
07/01/2016;26.38
08/01/2016;26.28
11/01/2016;25.12
12/01/2016;25.56
13/01/2016;26.55
14/01/2016;27.29
15/01/2016;28.17
18/01/2016;#N/A
19/01/2016;27.01
20/01/2016;27.14
21/01/2016;26.89
22/01/2016;26.01
25/01/2016;26.15
26/01/2016;26.7
27/01/2016;25.64
28/01/2016;23.93
29/01/2016;23.25
01/02/2016;24.73
02/02/2016;24.69
03/02/2016;26.52
04/02/2016;25.69
05/02/2016;27.51
08/02/2016;29.34
09/02/2016;29
10/02/2016;29.03
11/02/2016;31.53
12/02/2016;30.49
15/02/2016;#N/A
16/02/2016;28.93
17/02/2016;29.35
18/02/2016;31.3
19/02/2016;30.01
22/02/2016;28.3
23/02/2016;28.69
24/02/2016;31.24
25/02/2016;29.37
26/02/2016;27.09
29/02/2016;28.21
01/03/2016;28.34
02/03/2016;28.67
03/03/2016;30.56
04/03/2016;31.3
07/03/2016;29.97
08/03/2016;29.66
09/03/2016;28.98
10/03/2016;30.37
11/03/2016;28.62
14/03/2016;28.06
15/03/2016;27.27
16/03/2016;27.87
17/03/2016;29.67
18/03/2016;29.46
21/03/2016;28.3
22/03/2016;28.35
23/03/2016;26.52
24/03/2016;26.39
25/03/2016;#N/A
28/03/2016;26.48
29/03/2016;27.08
30/03/2016;26.28
31/03/2016;26.06
01/04/2016;25.45
04/04/2016;25.43
05/04/2016;25.61
06/04/2016;25.85
07/04/2016;26.2
08/04/2016;25.95
11/04/2016;28.73
12/04/2016;29.68
13/04/2016;29.67
14/04/2016;28.69
15/04/2016;28.74
18/04/2016;28.12
19/04/2016;32.12
20/04/2016;32.16
21/04/2016;34.35
22/04/2016;34.15
25/04/2016;32.64
26/04/2016;32.34
27/04/2016;31.38
28/04/2016;31.68
29/04/2016;32.07
02/05/2016;32.39
03/05/2016;31.52
04/05/2016;30.46
05/05/2016;30.33
06/05/2016;30.7
09/05/2016;30.01
10/05/2016;29.57
11/05/2016;30.02
12/05/2016;29.72
13/05/2016;29.32
16/05/2016;29.92
17/05/2016;29.53
18/05/2016;29.9
19/05/2016;29.53
20/05/2016;28.95
23/05/2016;29.32
24/05/2016;28.75
25/05/2016;27.22
26/05/2016;26.03
27/05/2016;26.11
30/05/2016;#N/A
31/05/2016;26.12
01/06/2016;25.68
02/06/2016;24.89
03/06/2016;25.83
06/06/2016;26.35
07/06/2016;26.36
08/06/2016;28.14
09/06/2016;30.51
10/06/2016;30.51
13/06/2016;32.34
14/06/2016;32.17
15/06/2016;32.85
16/06/2016;32.34
17/06/2016;32.01
20/06/2016;31.33
21/06/2016;30.51
22/06/2016;30.93
23/06/2016;29.94
24/06/2016;31.16
27/06/2016;31.23
28/06/2016;28.93
29/06/2016;29.23
30/06/2016;29.29
01/07/2016;33.35
04/07/2016;#N/A
05/07/2016;37.69
06/07/2016;36.23
07/07/2016;33.1
08/07/2016;32.56
11/07/2016;34.16
12/07/2016;32.33
13/07/2016;31.75
14/07/2016;31.6
15/07/2016;29.62
18/07/2016;28.94
19/07/2016;27.5
20/07/2016;28.58
21/07/2016;29.61
22/07/2016;29.68
25/07/2016;29.81
26/07/2016;29.34
27/07/2016;31.99
28/07/2016;29.28
29/07/2016;30.19
01/08/2016;30.53
02/08/2016;30.8
03/08/2016;28.2
04/08/2016;27.86
05/08/2016;26.07
08/08/2016;25.76
09/08/2016;24.84
10/08/2016;26.07
11/08/2016;25.67
12/08/2016;24.02
15/08/2016;23.54
16/08/2016;24.18
17/08/2016;24.24
18/08/2016;24.1
19/08/2016;24.5
22/08/2016;25.74
23/08/2016;26.35
24/08/2016;26.72
25/08/2016;26.18
26/08/2016;25.67
29/08/2016;25.8
30/08/2016;25.53
31/08/2016;24.95
01/09/2016;25.96
02/09/2016;24.35
05/09/2016;#N/A
06/09/2016;26.77
07/09/2016;24.95
08/09/2016;24.61
09/09/2016;26.69
12/09/2016;27.36
13/09/2016;26.93
14/09/2016;27.33
15/09/2016;25.9
16/09/2016;24.33
19/09/2016;26.25
20/09/2016;26.17
21/09/2016;26.9
22/09/2016;25.78
23/09/2016;24.57
26/09/2016;24.9
27/09/2016;25.43
28/09/2016;24.23
29/09/2016;23.02
30/09/2016;23.45
03/10/2016;24.52
04/10/2016;27.28
05/10/2016;28.16
06/10/2016;27.58
07/10/2016;27.8
10/10/2016;27.73
11/10/2016;27.47
12/10/2016;27.02
13/10/2016;26.5
14/10/2016;25.61
17/10/2016;25.26
18/10/2016;25.46
19/10/2016;25.29
20/10/2016;24.76
21/10/2016;24.77
24/10/2016;25.67
25/10/2016;25.43
26/10/2016;25.27
27/10/2016;24.89
28/10/2016;25.65
31/10/2016;26.15
01/11/2016;28.77
02/11/2016;28.82
03/11/2016;28.51
04/11/2016;30.54
07/11/2016;29.17
08/11/2016;29.5
09/11/2016;26.45
10/11/2016;27.66
11/11/2016;31.85
14/11/2016;30.69
15/11/2016;26.59
16/11/2016;25.9
17/11/2016;26.03
18/11/2016;25.93
21/11/2016;24.41
22/11/2016;24.76
23/11/2016;27.02
24/11/2016;#N/A
25/11/2016;27.76
28/11/2016;26.99
29/11/2016;26.3
30/11/2016;27.22
01/12/2016;27.8
02/12/2016;26.76
05/12/2016;26.88
06/12/2016;26.6
07/12/2016;26.89
08/12/2016;25.56
09/12/2016;25.09
12/12/2016;24.1
13/12/2016;24.18
14/12/2016;25.2
15/12/2016;27.9
16/12/2016;26.72
19/12/2016;26.48
20/12/2016;28.87
21/12/2016;27.63
22/12/2016;27.86
23/12/2016;28.76
26/12/2016;#N/A
27/12/2016;29.77
28/12/2016;28.78
29/12/2016;27.7
30/12/2016;27.44
02/01/2017;#N/A
03/01/2017;28.08
04/01/2017;26.54
05/01/2017;26.13
06/01/2017;25.74
09/01/2017;25.56
10/01/2017;24.29
11/01/2017;24.18
12/01/2017;23.28
13/01/2017;23.26
16/01/2017;#N/A
17/01/2017;24.24
18/01/2017;22.98
19/01/2017;23.78
20/01/2017;23.29
23/01/2017;23.32
24/01/2017;23.11
25/01/2017;22.55
26/01/2017;22.32
27/01/2017;22.63
30/01/2017;23.6
31/01/2017;24.13
01/02/2017;23.56
02/02/2017;23.02
03/02/2017;23.12
06/02/2017;23.5
07/02/2017;23.96
08/02/2017;23.9
09/02/2017;23.3
10/02/2017;23.41
13/02/2017;23.94
14/02/2017;23.55
15/02/2017;22.8
16/02/2017;22.55
17/02/2017;21.34
20/02/2017;#N/A
21/02/2017;21.52
22/02/2017;20.77
23/02/2017;20.99
24/02/2017;20.88
27/02/2017;20.86
28/02/2017;21.46
01/03/2017;20.6
02/03/2017;22.17
03/03/2017;21.26
06/03/2017;20.96
07/03/2017;20.57
08/03/2017;21.69
09/03/2017;23.87
10/03/2017;22.03
13/03/2017;21.14
14/03/2017;22.21
15/03/2017;21.15
16/03/2017;19.62
17/03/2017;18.69
20/03/2017;18.71
21/03/2017;19.79
22/03/2017;19.85
23/03/2017;19.35
24/03/2017;18.98
27/03/2017;20.19
28/03/2017;19.9
29/03/2017;19.55
30/03/2017;19.67
31/03/2017;19.24
03/04/2017;19.73
04/04/2017;19.84
05/04/2017;20.32
06/04/2017;20.32
07/04/2017;21.55
10/04/2017;21.87
11/04/2017;22.75
12/04/2017;22.42
13/04/2017;22.39
14/04/2017;#N/A
17/04/2017;22.09
18/04/2017;21.91
19/04/2017;21.93
20/04/2017;22.03
21/04/2017;21.87
24/04/2017;19.67
25/04/2017;20.32
26/04/2017;20.92
27/04/2017;21.79
28/04/2017;21.57
01/05/2017;23.12
02/05/2017;21.98
03/05/2017;23.31
04/05/2017;23.49
05/05/2017;23.13
08/05/2017;22.12
09/05/2017;20.88
10/05/2017;20.87
11/05/2017;20.87
12/05/2017;19.54
15/05/2017;19.16
16/05/2017;18.75
17/05/2017;19.67
18/05/2017;19.55
19/05/2017;19.49
22/05/2017;20.67
23/05/2017;20.22
24/05/2017;19.78
25/05/2017;18.68
26/05/2017;18.76
29/05/2017;#N/A
30/05/2017;19.45
31/05/2017;20.15
01/06/2017;19.7
02/06/2017;19.46
05/06/2017;20.03
06/06/2017;20.39
07/06/2017;20.03
08/06/2017;19.33
09/06/2017;19.33
12/06/2017;19.12
13/06/2017;18.93
14/06/2017;18.12
15/06/2017;17.85
16/06/2017;17.09
19/06/2017;17.72
20/06/2017;17.66
21/06/2017;17.64
22/06/2017;17.82
23/06/2017;17.32
26/06/2017;19.08
27/06/2017;18.72
28/06/2017;17.98
29/06/2017;17.48
30/06/2017;16.58
03/07/2017;19.53
04/07/2017;#N/A
05/07/2017;20.22
06/07/2017;19.96
07/07/2017;22.55
10/07/2017;23.63
11/07/2017;22.41
12/07/2017;21.14
13/07/2017;20.62
14/07/2017;20.25
17/07/2017;20.26
18/07/2017;20.34
19/07/2017;19.64
20/07/2017;19.13
21/07/2017;19.73
24/07/2017;20.26
25/07/2017;19.99
26/07/2017;20.37
27/07/2017;19.65
28/07/2017;19.15
31/07/2017;19.76
01/08/2017;19.1
02/08/2017;19.44
03/08/2017;19.66
04/08/2017;19.18
07/08/2017;19.36
08/08/2017;18.81
09/08/2017;19.49
10/08/2017;20.87
11/08/2017;20.95
14/08/2017;19.52
15/08/2017;20.6
16/08/2017;21.84
17/08/2017;22.18
18/08/2017;22.56
21/08/2017;22.47
22/08/2017;22.34
23/08/2017;21.88
24/08/2017;22.15
25/08/2017;21.91
28/08/2017;23
29/08/2017;23.03
30/08/2017;21.59
31/08/2017;22.05
01/09/2017;21.13
04/09/2017;#N/A
05/09/2017;22.65
06/09/2017;21.61
07/09/2017;21.56
08/09/2017;20.33
11/09/2017;19.3
12/09/2017;18.58
13/09/2017;18.84
14/09/2017;18.91
15/09/2017;18.72
18/09/2017;19.95
19/09/2017;20.3
20/09/2017;19.64
21/09/2017;19.58
22/09/2017;19.55
25/09/2017;20.55
26/09/2017;19.67
27/09/2017;19.82
28/09/2017;19.64
29/09/2017;19.02
02/10/2017;19.14
03/10/2017;18.98
04/10/2017;18.73
05/10/2017;18.81
06/10/2017;18.4
09/10/2017;19.21
10/10/2017;20.39
11/10/2017;20.35
12/10/2017;20.35
13/10/2017;20.35
16/10/2017;18.85
17/10/2017;18.15
18/10/2017;18.3
19/10/2017;18.65
20/10/2017;18.52
23/10/2017;19.06
24/10/2017;19.09
25/10/2017;19.28
26/10/2017;19.1
27/10/2017;18.92
30/10/2017;19.09
31/10/2017;19.22
01/11/2017;19.94
02/11/2017;18.95
03/11/2017;18.57
06/11/2017;19.58
07/11/2017;19.45
08/11/2017;19.88
09/11/2017;20.19
10/11/2017;19.49
13/11/2017;20.1
14/11/2017;20.11
15/11/2017;20.24
16/11/2017;19.6
17/11/2017;19.32
20/11/2017;19.06
21/11/2017;18.92
22/11/2017;19.1
23/11/2017;#N/A
24/11/2017;19.57
27/11/2017;18.73
28/11/2017;18.6
29/11/2017;19.15
30/11/2017;18.86
01/12/2017;18.76
04/12/2017;19.13
05/12/2017;19.51
06/12/2017;19.27
07/12/2017;20.86
08/12/2017;19.48
11/12/2017;19.36
12/12/2017;19.53
13/12/2017;18.43
14/12/2017;19.15
15/12/2017;18.38
18/12/2017;17.86
19/12/2017;18.15
20/12/2017;18.11
21/12/2017;17.9
22/12/2017;17.71
25/12/2017;#N/A
26/12/2017;19.11
27/12/2017;18.24
28/12/2017;17.92
29/12/2017;18.53
01/01/2018;#N/A
02/01/2018;19.66
03/01/2018;18.38
04/01/2018;18.69
05/01/2018;18.33
08/01/2018;18.22
09/01/2018;17.92
10/01/2018;18.09
11/01/2018;17.7
12/01/2018;18.55
15/01/2018;#N/A
16/01/2018;19.12
17/01/2018;18.2
18/01/2018;18.6
19/01/2018;18.27
22/01/2018;18.07
23/01/2018;18.3
24/01/2018;21.66
25/01/2018;20.37
26/01/2018;19.86
29/01/2018;21.08
30/01/2018;20.11
31/01/2018;20.23
01/02/2018;19.83
02/02/2018;20.42
05/02/2018;21.82
06/02/2018;21.13
07/02/2018;21.24
08/02/2018;22.19
09/02/2018;22.79
12/02/2018;21.24
13/02/2018;22.25
14/02/2018;22.96
15/02/2018;22.45
16/02/2018;21.6
19/02/2018;#N/A
20/02/2018;20.92
21/02/2018;20.51
22/02/2018;19.43
23/02/2018;18.79
26/02/2018;19.17
27/02/2018;19.68
28/02/2018;19.45
01/03/2018;20.81
02/03/2018;19.97
05/03/2018;19.63
06/03/2018;21.57
07/03/2018;20.57
08/03/2018;19.86
09/03/2018;19.12
12/03/2018;19
13/03/2018;18
14/03/2018;17.97
15/03/2018;17.2
16/03/2018;17.43
19/03/2018;17.78
20/03/2018;18.57
21/03/2018;18.01
22/03/2018;17.75
23/03/2018;18.94
26/03/2018;19.24
27/03/2018;18.94
28/03/2018;18.41
29/03/2018;18.4
30/03/2018;#N/A
02/04/2018;20.02
03/04/2018;19.3
04/04/2018;19.71
05/04/2018;19.23
06/04/2018;18.99
09/04/2018;19.66
10/04/2018;20.33
11/04/2018;22.02
12/04/2018;19.54
13/04/2018;19.57
16/04/2018;20.28
17/04/2018;19.51
18/04/2018;20.7
19/04/2018;20.96
20/04/2018;20.33
23/04/2018;19.46
24/04/2018;19.89
25/04/2018;19.45
26/04/2018;18.88
27/04/2018;18.75
30/04/2018;19.58
01/05/2018;20.51
02/05/2018;20.3
03/05/2018;19.39
04/05/2018;19.76
07/05/2018;20.45
08/05/2018;20.38
09/05/2018;19.61
10/05/2018;19.61
11/05/2018;19.61
14/05/2018;18.87
15/05/2018;19.63
16/05/2018;19.36
17/05/2018;19.16
18/05/2018;18.39
21/05/2018;18.92
22/05/2018;18.97
23/05/2018;19.33
24/05/2018;18.68
25/05/2018;17.7
28/05/2018;#N/A
29/05/2018;19.08
30/05/2018;18.3
31/05/2018;18.09
01/06/2018;17.67
04/06/2018;17.94
05/06/2018;17.4
06/06/2018;17.4
07/06/2018;17.4
08/06/2018;17.4
11/06/2018;19.45
12/06/2018;18.3
13/06/2018;18.55
14/06/2018;18.17
15/06/2018;18.08
18/06/2018;18.05
19/06/2018;18.22
20/06/2018;18.23
21/06/2018;18.28
22/06/2018;17.91
25/06/2018;18.12
26/06/2018;18.41
27/06/2018;19.06
28/06/2018;18.32
29/06/2018;18.32
02/07/2018;18.32
03/07/2018;18.56
04/07/2018;#N/A
05/07/2018;18.66
06/07/2018;17.63
09/07/2018;17.63
10/07/2018;18.3
11/07/2018;18.98
12/07/2018;18.98
13/07/2018;18.98
16/07/2018;18.75
17/07/2018;19.71
18/07/2018;18.86
19/07/2018;20.13
20/07/2018;19.46
23/07/2018;19.28
24/07/2018;18.86
25/07/2018;18.1
26/07/2018;18.35
27/07/2018;17.17
30/07/2018;17.35
31/07/2018;17.17
01/08/2018;17.67
02/08/2018;17.93
03/08/2018;17.48
06/08/2018;17.52
07/08/2018;18.28
08/08/2018;17.9
09/08/2018;17.9
10/08/2018;17.9
13/08/2018;18.52
14/08/2018;18.11
15/08/2018;20.7
16/08/2018;19.64
17/08/2018;19
20/08/2018;19.45
21/08/2018;19.41
22/08/2018;19.6
23/08/2018;19.52
24/08/2018;19.28
27/08/2018;19.67
28/08/2018;18.8
29/08/2018;18.08
30/08/2018;18.19
31/08/2018;17.65
03/09/2018;#N/A
04/09/2018;19.45
05/09/2018;19.45
06/09/2018;19.28
07/09/2018;19.2
10/09/2018;19.2
11/09/2018;19.82
12/09/2018;19.82
13/09/2018;19.82
14/09/2018;19.82
17/09/2018;18.4
18/09/2018;18.5
19/09/2018;18.89
20/09/2018;19.19
21/09/2018;19.41
24/09/2018;19.82
25/09/2018;20.65
26/09/2018;19.54
27/09/2018;19.79
28/09/2018;19.18
01/10/2018;19.63
02/10/2018;19.87
03/10/2018;19.87
04/10/2018;20.07
05/10/2018;19.8
08/10/2018;20.87
09/10/2018;20.54
10/10/2018;20.55
11/10/2018;22.62
12/10/2018;22.62
15/10/2018;20.86
16/10/2018;20.14
17/10/2018;19.94
18/10/2018;19.78
19/10/2018;18.87
22/10/2018;19.36
23/10/2018;20.05
24/10/2018;20.67
25/10/2018;20.03
26/10/2018;20.39
29/10/2018;20.76
30/10/2018;20.88
31/10/2018;21.03
01/11/2018;21.51
02/11/2018;20.8
05/11/2018;21.68
06/11/2018;21.69
07/11/2018;21.69
08/11/2018;21
09/11/2018;21
12/11/2018;22.3
13/11/2018;22.55
14/11/2018;22.32
15/11/2018;23.89
16/11/2018;23.77
19/11/2018;22.18
20/11/2018;22.32
21/11/2018;21.65
22/11/2018;#N/A
23/11/2018;22.79
26/11/2018;23.38
27/11/2018;23.08
28/11/2018;22.28
29/11/2018;21.36
30/11/2018;21.37
03/12/2018;20.69
04/12/2018;19.35
05/12/2018;#N/A
06/12/2018;19.26
07/12/2018;19.1
10/12/2018;19.09
11/12/2018;19.09
12/12/2018;19.09
13/12/2018;19.09
14/12/2018;19.09
17/12/2018;18.25
18/12/2018;19
19/12/2018;18.55
20/12/2018;19.68
21/12/2018;19.06
24/12/2018;22.02
25/12/2018;#N/A
26/12/2018;22.66
27/12/2018;23.06
28/12/2018;22.7
31/12/2018;21.82
01/01/2019;#N/A
02/01/2019;21.7
03/01/2019;21.7
04/01/2019;21.7
07/01/2019;21.7
08/01/2019;21.7
09/01/2019;21.7
10/01/2019;21.7
11/01/2019;21.7
14/01/2019;17.92
15/01/2019;17.59
16/01/2019;17.07
17/01/2019;17.13
18/01/2019;17
21/01/2019;#N/A
22/01/2019;17.27
23/01/2019;16.91
24/01/2019;16.91
25/01/2019;17.12
28/01/2019;17.36
29/01/2019;17.36
30/01/2019;17.76
31/01/2019;17.25
01/02/2019;17.09
04/02/2019;17.09
05/02/2019;17.09
06/02/2019;17.09
07/02/2019;17.09
08/02/2019;17.09
11/02/2019;15.85
12/02/2019;15.83
13/02/2019;15.6
14/02/2019;15.77
15/02/2019;16.05
18/02/2019;#N/A
19/02/2019;17.25
20/02/2019;17.51
21/02/2019;17.51
22/02/2019;16.34
25/02/2019;16.74
26/02/2019;16.74
27/02/2019;16.74
28/02/2019;16.74
01/03/2019;15.18
04/03/2019;15.18
05/03/2019;15.18
06/03/2019;15.18
07/03/2019;15.18
08/03/2019;15.18
11/03/2019;14.91
12/03/2019;14.9
13/03/2019;14.89
14/03/2019;14.96
15/03/2019;15.04
18/03/2019;15.65
19/03/2019;15.57
20/03/2019;15.6
21/03/2019;15.6
22/03/2019;15.6
25/03/2019;15.6
26/03/2019;15.6
27/03/2019;15.6
28/03/2019;16.89
29/03/2019;16.71
01/04/2019;17.37
02/04/2019;17.43
03/04/2019;16.95
04/04/2019;17.31
05/04/2019;17.31
08/04/2019;17.31
09/04/2019;17.31
10/04/2019;17.31
11/04/2019;17.31
12/04/2019;17.31
15/04/2019;17.31
16/04/2019;17.31
17/04/2019;17.31
18/04/2019;17.31
19/04/2019;#N/A
22/04/2019;16.54
23/04/2019;16.59
24/04/2019;16.32
25/04/2019;15.66
26/04/2019;16.07
29/04/2019;16.5
30/04/2019;16.73
01/05/2019;16.73
02/05/2019;16.73
03/05/2019;16.84
06/05/2019;17.21
07/05/2019;17.75
08/05/2019;17.75
09/05/2019;17.75
10/05/2019;17.75
13/05/2019;17.75
14/05/2019;17.75
15/05/2019;17.75
16/05/2019;17.75
17/05/2019;17.75
20/05/2019;16.01
21/05/2019;15.08
22/05/2019;15.18
23/05/2019;15.46
24/05/2019;15.33
27/05/2019;#N/A
28/05/2019;15.86
29/05/2019;15.78
30/05/2019;15.92
31/05/2019;16.23
03/06/2019;17.29
04/06/2019;17.29
05/06/2019;18.25
06/06/2019;18.19
07/06/2019;18.32
10/06/2019;18.29
11/06/2019;18.29
12/06/2019;18.29
13/06/2019;18.2
14/06/2019;18.2
17/06/2019;18.09
18/06/2019;18.99
19/06/2019;18.33
20/06/2019;21.46
21/06/2019;20.23
24/06/2019;22.24
25/06/2019;21.56
26/06/2019;19.74
27/06/2019;19.75
28/06/2019;19.95
01/07/2019;19.51
02/07/2019;20.08
03/07/2019;20.08
04/07/2019;#N/A
05/07/2019;19.73
08/07/2019;19.71
09/07/2019;19.71
10/07/2019;19.71
11/07/2019;19.71
12/07/2019;19.71
15/07/2019;19.71
16/07/2019;19.71
17/07/2019;23.66
18/07/2019;26.43
19/07/2019;25.36
22/07/2019;23.62
23/07/2019;23.66
24/07/2019;24.03
25/07/2019;21.11
26/07/2019;20.34
29/07/2019;20.99
30/07/2019;21.28
31/07/2019;19.87
01/08/2019;21.97
02/08/2019;20.68
05/08/2019;22.94
06/08/2019;22.94
07/08/2019;26.34
08/08/2019;27.01
09/08/2019;26.23
12/08/2019;26.42
13/08/2019;26.37
14/08/2019;26.66
15/08/2019;26.17
16/08/2019;24.34
19/08/2019;23.55
20/08/2019;24.2
21/08/2019;24.7
22/08/2019;23.85
23/08/2019;28.34
26/08/2019;28.23
27/08/2019;29.9
28/08/2019;30.49
29/08/2019;26.78
30/08/2019;27.26
02/09/2019;#N/A
03/09/2019;32.02
04/09/2019;33.3
05/09/2019;31.18
06/09/2019;32.48
09/09/2019;30.22
10/09/2019;29.84
11/09/2019;29.34
12/09/2019;29.6
13/09/2019;27.96
16/09/2019;30.35
17/09/2019;30.69
18/09/2019;29.08
19/09/2019;27.69
20/09/2019;29.74
23/09/2019;32.23
24/09/2019;32.57
25/09/2019;27.36
26/09/2019;27.76
27/09/2019;27.57
30/09/2019;26.7
01/10/2019;27.65
02/10/2019;28.39
03/10/2019;28.11
04/10/2019;26.71
07/10/2019;27.14
08/10/2019;27.91
09/10/2019;27.68
10/10/2019;26.54
11/10/2019;26.63
14/10/2019;27.1
15/10/2019;26.05
16/10/2019;25.77
17/10/2019;23.86
18/10/2019;24.49
21/10/2019;24.27
22/10/2019;23.6
23/10/2019;23.28
24/10/2019;24.39
25/10/2019;26.41
28/10/2019;25.32
29/10/2019;25.18
30/10/2019;24.25
31/10/2019;24.28
01/11/2019;23.7
04/11/2019;23.61
05/11/2019;22.36
06/11/2019;22.58
07/11/2019;21.76
08/11/2019;21.19
11/11/2019;21.66
12/11/2019;21.05
13/11/2019;20.69
14/11/2019;20.94
15/11/2019;19.49
18/11/2019;19.74
19/11/2019;20.01
20/11/2019;20.2
21/11/2019;19.67
22/11/2019;19.43
25/11/2019;18.26
26/11/2019;18.29
27/11/2019;17.44
28/11/2019;#N/A
29/11/2019;18.13
02/12/2019;18.23
03/12/2019;20.24
04/12/2019;19.03
05/12/2019;18.36
06/12/2019;18.1
09/12/2019;17.83
10/12/2019;17.57
11/12/2019;17.26
12/12/2019;17.53
13/12/2019;17.53
16/12/2019;16.82
17/12/2019;16.4
18/12/2019;16.15
19/12/2019;15.91
20/12/2019;15.38
23/12/2019;17.94
24/12/2019;19.97
25/12/2019;#N/A
26/12/2019;20.5
27/12/2019;19.53
30/12/2019;20.66
31/12/2019;20.57
01/01/2020;#N/A
02/01/2020;21.74
03/01/2020;21.75
06/01/2020;22.76
07/01/2020;23.25
08/01/2020;21.75
09/01/2020;20.86
10/01/2020;20.96
13/01/2020;20.92
14/01/2020;20.69
15/01/2020;20.72
16/01/2020;20.72
17/01/2020;20.72
20/01/2020;#N/A
21/01/2020;18.23
22/01/2020;17.77
23/01/2020;18.41
24/01/2020;19.11
27/01/2020;19.38
28/01/2020;19.66
29/01/2020;19.64
30/01/2020;19.64
31/01/2020;21.4
03/02/2020;21.65
04/02/2020;21.03
05/02/2020;20.31
06/02/2020;20.6
07/02/2020;19.91
10/02/2020;20.82
11/02/2020;20.35
12/02/2020;20.35
13/02/2020;20.08
14/02/2020;20.08
17/02/2020;#N/A
18/02/2020;23.41
19/02/2020;23.75
20/02/2020;22.73
21/02/2020;24.73
24/02/2020;26.06
25/02/2020;23.55
26/02/2020;22.65
27/02/2020;23.61
28/02/2020;29.43
02/03/2020;25.45
03/03/2020;29.65
04/03/2020;25.71
05/03/2020;30.68
06/03/2020;31.24
09/03/2020;36.1
10/03/2020;27.47
11/03/2020;30.9
12/03/2020;35.95
13/03/2020;54.79
16/03/2020;76.69
17/03/2020;84
18/03/2020;100.66
19/03/2020;87.87
20/03/2020;78.07
23/03/2020;76.22
24/03/2020;70.69
25/03/2020;63.57
26/03/2020;60.09
27/03/2020;63.15
30/03/2020;56.46
31/03/2020;49.33
01/04/2020;52.58
02/04/2020;54.57
03/04/2020;53.72
06/04/2020;54.9
07/04/2020;55.63
08/04/2020;48.58
09/04/2020;50.37
10/04/2020;#N/A
13/04/2020;55.2
14/04/2020;51.64
15/04/2020;49.08
16/04/2020;47.34
17/04/2020;44.87
20/04/2020;43.63
21/04/2020;52.66
22/04/2020;51.66
23/04/2020;52.12
24/04/2020;51.15
27/04/2020;47.73
28/04/2020;44.51
29/04/2020;44.46
30/04/2020;44.05
01/05/2020;42.54
04/05/2020;43.84
05/05/2020;42.93
06/05/2020;42.48
07/05/2020;44.88
08/05/2020;44.56
11/05/2020;40.64
12/05/2020;36.78
13/05/2020;37.06
14/05/2020;39.27
15/05/2020;41.64
18/05/2020;40.13
19/05/2020;40.89
20/05/2020;40.27
21/05/2020;35.85
22/05/2020;37.42
25/05/2020;#N/A
26/05/2020;36.1
27/05/2020;33.95
28/05/2020;33.78
29/05/2020;36.88
01/06/2020;37.15
02/06/2020;35.45
03/06/2020;36.38
04/06/2020;33.66
05/06/2020;33.95
08/06/2020;35.89
09/06/2020;37.36
10/06/2020;39.45
11/06/2020;41.15
12/06/2020;37.89
15/06/2020;41.17
16/06/2020;39.19
17/06/2020;37.35
18/06/2020;36.49
19/06/2020;38.48
22/06/2020;38.21
23/06/2020;39.86
24/06/2020;36.29
25/06/2020;34.88
26/06/2020;35.08
29/06/2020;35.75
30/06/2020;36
01/07/2020;33.82
02/07/2020;31.7
03/07/2020;#N/A
06/07/2020;32.95
07/07/2020;34.6
08/07/2020;36.01
09/07/2020;33.7
10/07/2020;33.64
13/07/2020;34.46
14/07/2020;34.71
15/07/2020;35.15
16/07/2020;32.28
17/07/2020;32.82
20/07/2020;35.48
21/07/2020;45.9
22/07/2020;65.81
23/07/2020;57.12
24/07/2020;55.26
27/07/2020;66.2
28/07/2020;66.78
29/07/2020;63.76
30/07/2020;58.08
31/07/2020;57.41
03/08/2020;55.02
04/08/2020;61.2
05/08/2020;67.13
06/08/2020;76.54
07/08/2020;79.65
10/08/2020;75.2
11/08/2020;74.69
12/08/2020;70.28
13/08/2020;73.61
14/08/2020;68.22
17/08/2020;68.47
18/08/2020;64.24
19/08/2020;63
20/08/2020;60.86
21/08/2020;61.32
24/08/2020;53.54
25/08/2020;55.08
26/08/2020;62.17
27/08/2020;57.71
28/08/2020;56.36
31/08/2020;60.37
01/09/2020;59.39
02/09/2020;57.11
03/09/2020;58.32
04/09/2020;55.16
07/09/2020;#N/A
08/09/2020;54.64
09/09/2020;50.67
10/09/2020;48.83
11/09/2020;47.66
14/09/2020;52.03
15/09/2020;48.3
16/09/2020;46.8
17/09/2020;44.66
18/09/2020;42.89
21/09/2020;52.79
22/09/2020;48.99
23/09/2020;54.69
24/09/2020;54.49
25/09/2020;50.75
28/09/2020;51.67
29/09/2020;52.19
30/09/2020;52.38
01/10/2020;53.07
02/10/2020;50.65
05/10/2020;50.99
06/10/2020;50.89
07/10/2020;49.64
08/10/2020;47.96
09/10/2020;52.96
12/10/2020;54.76
13/10/2020;57.96
14/10/2020;54.17
15/10/2020;54.1
16/10/2020;51.27
19/10/2020;50.89
20/10/2020;52.37
21/10/2020;55.36
22/10/2020;50.67
23/10/2020;48.57
26/10/2020;48.58
27/10/2020;48.77
28/10/2020;50.87
29/10/2020;49.66
30/10/2020;51.17
02/11/2020;53.23
03/11/2020;54.25
04/11/2020;43.65
05/11/2020;52.27
06/11/2020;52.04
09/11/2020;51.73
10/11/2020;47.54
11/11/2020;44.68
12/11/2020;44.45
13/11/2020;44.2
16/11/2020;42.09
17/11/2020;41.37
18/11/2020;38.01
19/11/2020;38.96
20/11/2020;36.73
23/11/2020;38.12
24/11/2020;39.92
25/11/2020;37.93
26/11/2020;#N/A
27/11/2020;39.13
30/11/2020;39.63
01/12/2020;44.06
02/12/2020;42.21
03/12/2020;41.3
04/12/2020;40.99
07/12/2020;43.21
08/12/2020;41.36
09/12/2020;40.62
10/12/2020;40.94
11/12/2020;40.21
14/12/2020;39.76
15/12/2020;41.21
16/12/2020;46.65
17/12/2020;47.73
18/12/2020;46.55
21/12/2020;48.1
22/12/2020;43.98
23/12/2020;45.66
24/12/2020;44.13
25/12/2020;#N/A
28/12/2020;46.61
29/12/2020;46.53
30/12/2020;47.16
31/12/2020;47.14
01/01/2021;#N/A
04/01/2021;50.6
05/01/2021;51.49
06/01/2021;48.34
07/01/2021;45.74
08/01/2021;47.88
11/01/2021;45.58
12/01/2021;43.77
13/01/2021;41.24
14/01/2021;42.72
15/01/2021;40.57
18/01/2021;#N/A
19/01/2021;39.99
20/01/2021;41.27
21/01/2021;40.38
22/01/2021;39.31
25/01/2021;39.71
26/01/2021;38.45
27/01/2021;42.64
28/01/2021;69.16
29/01/2021;73.28
01/02/2021;78.81
02/02/2021;57.4
03/02/2021;55.47
04/02/2021;49.41
05/02/2021;49.41
08/02/2021;50.51
09/02/2021;48.23
10/02/2021;48.65
11/02/2021;46.39
12/02/2021;46
15/02/2021;#N/A
16/02/2021;48.56
17/02/2021;49.23
18/02/2021;47.73
19/02/2021;45.09
22/02/2021;54.4
23/02/2021;51.76
24/02/2021;50.8
25/02/2021;48.5
26/02/2021;50.59
01/03/2021;45.15
02/03/2021;45.57
03/03/2021;44.15
04/03/2021;43.35
05/03/2021;39.74
08/03/2021;40.41
09/03/2021;40.62
10/03/2021;39.91
11/03/2021;40.11
12/03/2021;39.51
15/03/2021;40.03
16/03/2021;39.86
17/03/2021;40.08
18/03/2021;38.71
19/03/2021;37.93
22/03/2021;37.4
23/03/2021;35.49
24/03/2021;33.44
25/03/2021;34.75
26/03/2021;33.01
29/03/2021;33.53
30/03/2021;36.76
31/03/2021;34.87
01/04/2021;33.69
02/04/2021;#N/A
05/04/2021;34.13
06/04/2021;33.35
07/04/2021;32.35
08/04/2021;30.61
09/04/2021;29.5
12/04/2021;27.89
13/04/2021;28.63
14/04/2021;27.57
15/04/2021;31.68
16/04/2021;31.17
19/04/2021;31.77
20/04/2021;30.53
21/04/2021;33.85
22/04/2021;33.02
23/04/2021;31.36
26/04/2021;32.45
27/04/2021;31.84
28/04/2021;31.53
29/04/2021;32.45
30/04/2021;29.75
03/05/2021;36.86
04/05/2021;35.94
05/05/2021;33.22
06/05/2021;35.52
07/05/2021;35.12
10/05/2021;34.31
11/05/2021;35.88
12/05/2021;34.77
13/05/2021;35.3
14/05/2021;34.3
17/05/2021;37.72
18/05/2021;37.46
19/05/2021;37.67
20/05/2021;36.76
21/05/2021;35.27
24/05/2021;35.35
25/05/2021;36.27
26/05/2021;34.63
27/05/2021;34.36
28/05/2021;34.92
31/05/2021;#N/A
01/06/2021;35.62
02/06/2021;35.98
03/06/2021;34.48
04/06/2021;33.91
07/06/2021;34.63
08/06/2021;32.72
09/06/2021;32.71
10/06/2021;34.63
11/06/2021;33.21
14/06/2021;33.14
15/06/2021;32.22
16/06/2021;32.21
17/06/2021;33.28
18/06/2021;33.74
21/06/2021;33.35
22/06/2021;31.03
23/06/2021;30.78
24/06/2021;29.76
25/06/2021;29.06
28/06/2021;28.93
29/06/2021;29.85
30/06/2021;29.47
01/07/2021;29.04
02/07/2021;29.05
05/07/2021;#N/A
06/07/2021;29.09
07/07/2021;27.87
08/07/2021;28.02
09/07/2021;27.23
12/07/2021;25.89
13/07/2021;27.08
14/07/2021;27.4
15/07/2021;26.9
16/07/2021;28.88
19/07/2021;30.76
20/07/2021;29.7
21/07/2021;29.27
22/07/2021;28.23
23/07/2021;27.44
26/07/2021;28.65
27/07/2021;30.87
28/07/2021;29.47
29/07/2021;30.02
30/07/2021;29.84
02/08/2021;30.1
03/08/2021;29.01
04/08/2021;28.15
05/08/2021;27.14
06/08/2021;27.85
09/08/2021;31.12
10/08/2021;30.25
11/08/2021;28.43
12/08/2021;28.76
13/08/2021;27.74
16/08/2021;28.29
17/08/2021;28.44
18/08/2021;28.41
19/08/2021;29.57
20/08/2021;29.11
23/08/2021;29.46
24/08/2021;30.21
25/08/2021;29.5
26/08/2021;30.14
27/08/2021;29.98
30/08/2021;29.07
31/08/2021;28.01
01/09/2021;27.74
02/09/2021;26.54
03/09/2021;28.05
06/09/2021;#N/A
07/09/2021;27.97
08/09/2021;27.11
09/09/2021;26.72
10/09/2021;26.65
13/09/2021;27.27
14/09/2021;26.92
15/09/2021;26.38
16/09/2021;30.1
17/09/2021;30.7
20/09/2021;32.02
21/09/2021;30.87
22/09/2021;30.62
23/09/2021;29.6
24/09/2021;29.73
27/09/2021;29.28
28/09/2021;30.89
29/09/2021;32.42
30/09/2021;31.09
01/10/2021;30.06
04/10/2021;30.26
05/10/2021;29.41
06/10/2021;29.41
07/10/2021;29.1
08/10/2021;28.36
11/10/2021;28.55
12/10/2021;28.67
13/10/2021;29.22
14/10/2021;30.16
15/10/2021;28.39
18/10/2021;28.42
19/10/2021;28.23
20/10/2021;29.22
21/10/2021;28.61
22/10/2021;29.08
25/10/2021;30.97
26/10/2021;29.71
27/10/2021;30
28/10/2021;29.11
29/10/2021;27.69
01/11/2021;28.53
02/11/2021;29.47
03/11/2021;30.53
04/11/2021;29.46
05/11/2021;29.84
08/11/2021;31.01
09/11/2021;30.2
10/11/2021;30.95
11/11/2021;32.47
12/11/2021;32.22
15/11/2021;32.8
16/11/2021;30.97
17/11/2021;30.68
18/11/2021;29.95
19/11/2021;28.92
22/11/2021;29.67
23/11/2021;31.09
24/11/2021;30.14
25/11/2021;0
26/11/2021;32.15
29/11/2021;31.52
30/11/2021;31.98
01/12/2021;32.46
02/12/2021;32.4
03/12/2021;32.3
06/12/2021;31.42
07/12/2021;30.87
08/12/2021;30.4
09/12/2021;30.24
10/12/2021;27.27
13/12/2021;25.48
14/12/2021;26.65
15/12/2021;27.64
16/12/2021;28.04
17/12/2021;27.61
20/12/2021;28.41
21/12/2021;27.71
22/12/2021;27.29
23/12/2021;26.83
24/12/2021;0
27/12/2021;28.14
28/12/2021;27.05
29/12/2021;26.55
30/12/2021;26.43
31/12/2021;25.81
03/01/2022;27.06
04/01/2022;26.6
05/01/2022;27.23
06/01/2022;27.63
07/01/2022;27.42
10/01/2022;27.91
11/01/2022;27.8
12/01/2022;28.18
13/01/2022;27
14/01/2022;25.91
17/01/2022;0
18/01/2022;28.18
19/01/2022;30.12
20/01/2022;29.68
21/01/2022;30.01
24/01/2022;30.78
25/01/2022;31.17
26/01/2022;30.44
27/01/2022;30.98
28/01/2022;31.34
31/01/2022;31.53
01/02/2022;31.59
02/02/2022;30.82
03/02/2022;30.91
04/02/2022;29.43
07/02/2022;30.43
08/02/2022;29.08
09/02/2022;28.48
10/02/2022;27.95
11/02/2022;31.21
